rurality,pct_at_risk,emp_at_risk
Nonrural,0.5780173134421616,1
Rural,0.5925274160622864,1
