name,share_tech
Black,0.007223895649497915
Hispanic or Latino,0.00728554661632352
Native American and Alaska Native,0.007967650507682
White,0.00933333333333333
